<i>
  <i image="walk1_0.png" delay="180" x="-50" y="-76"/>
  <i image="walk1_1.png" delay="180" x="-50" y="-76"/>
  <i image="walk1_2.png" delay="180" x="-50" y="-76"/>
  <i image="walk1_3.png" delay="180" x="-50" y="-76"/>
  <i image="stand1_0.png" delay="500" x="-42" y="-76"/>
  <i image="stand1_1.png" delay="500" x="-42" y="-76"/>
  <i image="stand1_2.png" delay="500" x="-42" y="-76"/>
  <i image="stand1_3.png" delay="500" x="-42" y="-76"/>
  <i image="stand1_4.png" delay="500" x="-42" y="-76"/>
  <i image="alert_0.png" delay="500" x="-49" y="-75"/>
  <i image="alert_1.png" delay="500" x="-49" y="-75"/>
  <i image="alert_2.png" delay="500" x="-49" y="-75"/>
  <i image="alert_3.png" delay="500" x="-49" y="-75"/>
  <i image="alert_4.png" delay="500" x="-49" y="-75"/>
  <i image="swingO1_0.png" delay="300" x="-64" y="-86"/>
  <i image="swingO1_1.png" delay="150" x="-64" y="-86"/>
  <i image="swingO1_2.png" delay="350" x="-64" y="-86"/>
  <i image="swingO2_0.png" delay="300" x="-52" y="-86"/>
  <i image="swingO2_1.png" delay="150" x="-52" y="-86"/>
  <i image="swingO2_2.png" delay="350" x="-52" y="-86"/>
  <i image="swingO3_0.png" delay="300" x="-91" y="-77"/>
  <i image="swingO3_1.png" delay="150" x="-91" y="-77"/>
  <i image="swingO3_2.png" delay="350" x="-91" y="-77"/>
  <i image="stabO1_0.png" delay="350" x="-87" y="-73"/>
  <i image="stabO1_1.png" delay="450" x="-87" y="-73"/>
  <i image="stabO2_0.png" delay="350" x="-90" y="-76"/>
  <i image="stabO2_1.png" delay="450" x="-90" y="-76"/>
  <i image="shoot1_0.png" delay="300" x="-41" y="-78"/>
  <i image="shoot1_1.png" delay="150" x="-41" y="-78"/>
  <i image="shoot1_2.png" delay="350" x="-41" y="-78"/>
  <i image="shootF_0.png" delay="300" x="-44" y="-81"/>
  <i image="shootF_1.png" delay="150" x="-44" y="-81"/>
  <i image="shootF_2.png" delay="250" x="-44" y="-81"/>
  <i image="proneStab_0.png" delay="300" x="-83" y="-48"/>
  <i image="proneStab_1.png" delay="400" x="-83" y="-48"/>
  <i image="prone_0.png" delay="100" x="-68" y="-48"/>
  <i image="heal_0.png" delay="300" x="-50" y="-86"/>
  <i image="heal_1.png" delay="150" x="-50" y="-86"/>
  <i image="heal_2.png" delay="350" x="-50" y="-86"/>
  <i image="fly_0.png" delay="300" x="-31" y="-81"/>
  <i image="fly_1.png" delay="300" x="-31" y="-81"/>
  <i image="jump_0.png" delay="200" x="-31" y="-74"/>
  <i image="sit_0.png" delay="100" x="-28" y="-72"/>
  <i image="ladder_0.png" delay="250" x="-27" y="-75"/>
  <i image="ladder_1.png" delay="250" x="-27" y="-75"/>
  <i image="rope_0.png" delay="250" x="-25" y="-78"/>
  <i image="rope_1.png" delay="250" x="-25" y="-78"/>
</i>