<i>
  <i image="fall_0.png" delay="80" x="-52" y="-45"/>
  <i image="fall_1.png" delay="80" x="-52" y="-45"/>
  <i image="fall_2.png" delay="80" x="-52" y="-45"/>
  <i image="fall_3.png" delay="80" x="-52" y="-45"/>
  <i image="fall_4.png" delay="80" x="-52" y="-45"/>
  <i image="fall_5.png" delay="80" x="-52" y="-45"/>
  <i image="fall_6.png" delay="80" x="-52" y="-45"/>
  <i image="fall_7.png" delay="80" x="-52" y="-45"/>
  <i image="fall_8.png" delay="80" x="-52" y="-45"/>
  <i image="fall_9.png" delay="80" x="-52" y="-45"/>
  <i image="fall_10.png" delay="80" x="-52" y="-45"/>
  <i image="fall_11.png" delay="80" x="-52" y="-45"/>
  <i image="fall_12.png" delay="100" x="-52" y="-45"/>
  <i image="fall_13.png" delay="100" x="-52" y="-45"/>
  <i image="fall_14.png" delay="100" x="-52" y="-45"/>
  <i image="fall_15.png" delay="150" x="-52" y="-45"/>
  <i image="fall_16.png" delay="150" x="-52" y="-45"/>
  <i image="fall_17.png" delay="150" x="-52" y="-45"/>
  <i image="fall_18.png" delay="150" x="-52" y="-45"/>
  <i image="fall_19.png" delay="150" x="-52" y="-45"/>
</i>