<i>
  <i image="1111010_0.png" delay="100" x="0" y="-32"/>
  <i image="1111010_1.png" delay="100" x="0" y="-32"/>
  <i image="1111010_2.png" delay="100" x="0" y="-32"/>
  <i image="effect.0_0.png" delay="30" x="-172" y="-157"/>
  <i image="effect.0_1.png" delay="30" x="-172" y="-157"/>
  <i image="effect.0_2.png" delay="30" x="-172" y="-157"/>
  <i image="effect.0_3.png" delay="30" x="-172" y="-157"/>
  <i image="effect.0_4.png" delay="90" x="-172" y="-157"/>
  <i image="effect.0_5.png" delay="120" x="-172" y="-157"/>
  <i image="effect.0_6.png" delay="60" x="-172" y="-157"/>
  <i image="effect.0_7.png" delay="90" x="-172" y="-157"/>
  <i image="effect.0_8.png" delay="120" x="-172" y="-157"/>
  <i image="effect.0_9.png" delay="60" x="-172" y="-157"/>
  <i image="effect.0_10.png" delay="90" x="-172" y="-157"/>
  <i image="effect.0_11.png" delay="90" x="-172" y="-157"/>
  <i image="effect.1_0.png" delay="30" x="-169" y="-155"/>
  <i image="effect.1_1.png" delay="30" x="-169" y="-155"/>
  <i image="effect.1_2.png" delay="30" x="-169" y="-155"/>
  <i image="effect.1_3.png" delay="30" x="-169" y="-155"/>
  <i image="effect.1_4.png" delay="90" x="-169" y="-155"/>
  <i image="effect.1_5.png" delay="120" x="-169" y="-155"/>
  <i image="effect.1_6.png" delay="60" x="-169" y="-155"/>
  <i image="effect.1_7.png" delay="90" x="-169" y="-155"/>
  <i image="effect.1_8.png" delay="120" x="-169" y="-155"/>
  <i image="effect.1_9.png" delay="60" x="-169" y="-155"/>
  <i image="effect.1_10.png" delay="90" x="-169" y="-155"/>
  <i image="effect.1_11.png" delay="90" x="-169" y="-155"/>
  <i image="effect.2_0.png" delay="30" x="-180" y="-147"/>
  <i image="effect.2_1.png" delay="30" x="-180" y="-147"/>
  <i image="effect.2_2.png" delay="30" x="-180" y="-147"/>
  <i image="effect.2_3.png" delay="30" x="-180" y="-147"/>
  <i image="effect.2_4.png" delay="90" x="-180" y="-147"/>
  <i image="effect.2_5.png" delay="120" x="-180" y="-147"/>
  <i image="effect.2_6.png" delay="60" x="-180" y="-147"/>
  <i image="effect.2_7.png" delay="90" x="-180" y="-147"/>
  <i image="effect.2_8.png" delay="120" x="-180" y="-147"/>
  <i image="effect.2_9.png" delay="60" x="-180" y="-147"/>
  <i image="effect.2_10.png" delay="90" x="-180" y="-147"/>
  <i image="effect.2_11.png" delay="90" x="-180" y="-147"/>
  <i image="effect.3_0.png" delay="30" x="-180" y="-150"/>
  <i image="effect.3_1.png" delay="30" x="-180" y="-150"/>
  <i image="effect.3_2.png" delay="30" x="-180" y="-150"/>
  <i image="effect.3_3.png" delay="30" x="-180" y="-150"/>
  <i image="effect.3_4.png" delay="90" x="-180" y="-150"/>
  <i image="effect.3_5.png" delay="120" x="-180" y="-150"/>
  <i image="effect.3_6.png" delay="60" x="-180" y="-150"/>
  <i image="effect.3_7.png" delay="90" x="-180" y="-150"/>
  <i image="effect.3_8.png" delay="120" x="-180" y="-150"/>
  <i image="effect.3_9.png" delay="60" x="-180" y="-150"/>
  <i image="effect.3_10.png" delay="90" x="-180" y="-150"/>
  <i image="effect.3_11.png" delay="90" x="-180" y="-150"/>
  <i image="hit.0_0.png" delay="90" x="-73" y="-76"/>
  <i image="hit.0_1.png" delay="90" x="-73" y="-76"/>
  <i image="hit.0_2.png" delay="90" x="-73" y="-76"/>
  <i image="hit.1_0.png" delay="90" x="-64" y="-57"/>
  <i image="hit.1_1.png" delay="90" x="-64" y="-57"/>
  <i image="hit.2_0.png" delay="90" x="-95" y="-81"/>
  <i image="hit.2_1.png" delay="90" x="-95" y="-81"/>
  <i image="hit.2_2.png" delay="90" x="-95" y="-81"/>
  <i image="hit.2_3.png" delay="90" x="-95" y="-81"/>
</i>