<i>
  <i image="4121013_0.png" delay="100" x="0" y="-32"/>
  <i image="4121013_1.png" delay="100" x="0" y="-32"/>
  <i image="4121013_2.png" delay="100" x="0" y="-32"/>
  <i image="hit.0_0.png" delay="120" x="-67" y="-65"/>
  <i image="hit.0_1.png" delay="120" x="-67" y="-65"/>
  <i image="hit.0_2.png" delay="120" x="-67" y="-65"/>
  <i image="hit.0_3.png" delay="120" x="-67" y="-65"/>
  <i image="hit.0_4.png" delay="120" x="-67" y="-65"/>
  <i image="hit.0_5.png" delay="120" x="-67" y="-65"/>
  <i image="effect_0.png" delay="330" x="-163" y="-109"/>
  <i image="effect_1.png" delay="90" x="-163" y="-109"/>
  <i image="effect_2.png" delay="90" x="-163" y="-109"/>
  <i image="effect_3.png" delay="90" x="-163" y="-109"/>
  <i image="effect_4.png" delay="90" x="-163" y="-109"/>
  <i image="effect_5.png" delay="90" x="-163" y="-109"/>
  <i image="effect_6.png" delay="90" x="-163" y="-109"/>
</i>