<i>
  <i image="info_0.png" delay="100" x="4" y="-30"/>
  <i image="51101006_0.png" delay="100" x="0" y="-32"/>
  <i image="51101006_1.png" delay="100" x="0" y="-32"/>
  <i image="51101006_2.png" delay="100" x="0" y="-32"/>
  <i image="hit.0_0.png" delay="90" x="-80" y="-66"/>
  <i image="hit.0_1.png" delay="90" x="-80" y="-66"/>
  <i image="hit.0_2.png" delay="90" x="-80" y="-66"/>
  <i image="hit.0_3.png" delay="90" x="-80" y="-66"/>
  <i image="hit.0_4.png" delay="90" x="-80" y="-66"/>
  <i image="effect_0.png" delay="30" x="-181" y="-76"/>
  <i image="effect_1.png" delay="60" x="-181" y="-76"/>
  <i image="effect_2.png" delay="60" x="-181" y="-76"/>
  <i image="effect_3.png" delay="60" x="-181" y="-76"/>
  <i image="effect_4.png" delay="60" x="-181" y="-76"/>
  <i image="effect_5.png" delay="60" x="-181" y="-76"/>
  <i image="effect_6.png" delay="60" x="-181" y="-76"/>
  <i image="effect_7.png" delay="60" x="-181" y="-76"/>
  <i image="effect_8.png" delay="60" x="-181" y="-76"/>
  <i image="effect_9.png" delay="60" x="-181" y="-76"/>
  <i image="effect_10.png" delay="30" x="-181" y="-76"/>
  <i image="effect_11.png" delay="30" x="-181" y="-76"/>
  <i image="effect_12.png" delay="30" x="-181" y="-76"/>
  <i image="effect_13.png" delay="30" x="-181" y="-76"/>
  <i image="effect_14.png" delay="30" x="-181" y="-76"/>
  <i image="effect_15.png" delay="30" x="-181" y="-76"/>
  <i image="effect_16.png" delay="30" x="-181" y="-76"/>
  <i image="effect2_0.png" delay="60" x="-138" y="-161"/>
  <i image="effect2_1.png" delay="60" x="-138" y="-161"/>
  <i image="effect2_2.png" delay="60" x="-138" y="-161"/>
  <i image="effect2_3.png" delay="60" x="-138" y="-161"/>
  <i image="effect2_4.png" delay="60" x="-138" y="-161"/>
  <i image="effect2_5.png" delay="60" x="-138" y="-161"/>
  <i image="effect2_6.png" delay="60" x="-138" y="-161"/>
  <i image="effect2_7.png" delay="60" x="-138" y="-161"/>
  <i image="special_0.png" delay="510" x="-78" y="-77"/>
  <i image="special_1.png" delay="90" x="-78" y="-77"/>
  <i image="special_2.png" delay="90" x="-78" y="-77"/>
  <i image="special_3.png" delay="90" x="-78" y="-77"/>
  <i image="special_4.png" delay="90" x="-78" y="-77"/>
  <i image="special_5.png" delay="90" x="-78" y="-77"/>
</i>