<i>
  <i image="14121002_0.png" delay="100" x="0" y="-32"/>
  <i image="14121002_1.png" delay="100" x="0" y="-32"/>
  <i image="14121002_2.png" delay="100" x="0" y="-32"/>
  <i image="hit.0_0.png" delay="100" x="-88" y="-84"/>
  <i image="hit.0_1.png" delay="100" x="-88" y="-84"/>
  <i image="hit.0_2.png" delay="100" x="-88" y="-84"/>
  <i image="hit.0_3.png" delay="100" x="-88" y="-84"/>
  <i image="effect_0.png" delay="90" x="-256" y="-133"/>
  <i image="effect_1.png" delay="90" x="-256" y="-133"/>
  <i image="effect_2.png" delay="90" x="-256" y="-133"/>
  <i image="effect_3.png" delay="90" x="-256" y="-133"/>
  <i image="ball_0.png" delay="90" x="-60" y="-31"/>
  <i image="ball_1.png" delay="90" x="-60" y="-31"/>
  <i image="ball_2.png" delay="90" x="-60" y="-31"/>
  <i image="ball_3.png" delay="90" x="-60" y="-31"/>
  <i image="afterimage.swordOL.swingO1.2_0.png" delay="60" x="0" y="0"/>
  <i image="afterimage.swordOL.swingO2.2_0.png" delay="60" x="0" y="0"/>
  <i image="afterimage.swordOL.swingO3.2_0.png" delay="60" x="0" y="0"/>
  <i image="afterimage.swordOL.swingOF.3_0.png" delay="60" x="0" y="0"/>
</i>