<i>
  <i image="2101004_0.png" delay="100" x="0" y="-32"/>
  <i image="2101004_1.png" delay="100" x="0" y="-32"/>
  <i image="2101004_2.png" delay="100" x="0" y="-32"/>
  <i image="effect_0.png" delay="120" x="-148" y="-85"/>
  <i image="effect_1.png" delay="120" x="-148" y="-85"/>
  <i image="effect_2.png" delay="120" x="-148" y="-85"/>
  <i image="effect_3.png" delay="120" x="-148" y="-85"/>
  <i image="effect_4.png" delay="120" x="-148" y="-85"/>
  <i image="effect_5.png" delay="120" x="-148" y="-85"/>
  <i image="effect_6.png" delay="120" x="-148" y="-85"/>
  <i image="effect_7.png" delay="120" x="-148" y="-85"/>
  <i image="effect_8.png" delay="120" x="-148" y="-85"/>
  <i image="ball_0.png" delay="120" x="-30" y="-23"/>
  <i image="ball_1.png" delay="120" x="-30" y="-23"/>
  <i image="ball_2.png" delay="120" x="-30" y="-23"/>
  <i image="ball_3.png" delay="120" x="-30" y="-23"/>
  <i image="hit.0_0.png" delay="120" x="-59" y="-92"/>
  <i image="hit.0_1.png" delay="120" x="-59" y="-92"/>
  <i image="hit.0_2.png" delay="120" x="-59" y="-92"/>
  <i image="hit.0_3.png" delay="120" x="-59" y="-92"/>
  <i image="hit.0_4.png" delay="120" x="-59" y="-92"/>
  <i image="hit.0_5.png" delay="120" x="-59" y="-92"/>
  <i image="hit.0_6.png" delay="120" x="-59" y="-92"/>
</i>