<i>
  <i image="info_0.png" delay="100" x="4" y="-30"/>
  <i image="2201005_0.png" delay="100" x="0" y="-32"/>
  <i image="2201005_1.png" delay="100" x="0" y="-32"/>
  <i image="2201005_2.png" delay="100" x="0" y="-32"/>
  <i image="effect_0.png" delay="90" x="-98" y="-135"/>
  <i image="effect_1.png" delay="90" x="-98" y="-135"/>
  <i image="effect_2.png" delay="90" x="-98" y="-135"/>
  <i image="effect_3.png" delay="90" x="-98" y="-135"/>
  <i image="effect_4.png" delay="90" x="-98" y="-135"/>
  <i image="effect_5.png" delay="90" x="-98" y="-135"/>
  <i image="effect_6.png" delay="90" x="-98" y="-135"/>
  <i image="effect_7.png" delay="90" x="-98" y="-135"/>
  <i image="effect_8.png" delay="90" x="-98" y="-135"/>
  <i image="effect_9.png" delay="90" x="-98" y="-135"/>
  <i image="effect_10.png" delay="90" x="-98" y="-135"/>
  <i image="effect_11.png" delay="90" x="-98" y="-135"/>
  <i image="hit.0_0.png" delay="90" x="-80" y="-228"/>
  <i image="hit.0_1.png" delay="90" x="-80" y="-228"/>
  <i image="hit.0_2.png" delay="90" x="-80" y="-228"/>
  <i image="hit.0_3.png" delay="90" x="-80" y="-228"/>
  <i image="hit.0_4.png" delay="90" x="-80" y="-228"/>
  <i image="hit.0_5.png" delay="90" x="-80" y="-228"/>
  <i image="hit.0_6.png" delay="90" x="-80" y="-228"/>
  <i image="hit.0_7.png" delay="90" x="-80" y="-228"/>
  <i image="hit.0_8.png" delay="90" x="-80" y="-228"/>
  <i image="hit.0_9.png" delay="90" x="-80" y="-228"/>
  <i image="hit.1_0.png" delay="90" x="-87" y="-228"/>
  <i image="hit.1_1.png" delay="90" x="-87" y="-228"/>
  <i image="hit.1_2.png" delay="90" x="-87" y="-228"/>
  <i image="hit.1_3.png" delay="90" x="-87" y="-228"/>
  <i image="hit.1_4.png" delay="90" x="-87" y="-228"/>
  <i image="hit.1_5.png" delay="90" x="-87" y="-228"/>
  <i image="hit.1_6.png" delay="90" x="-87" y="-228"/>
  <i image="hit.1_7.png" delay="90" x="-87" y="-228"/>
  <i image="hit.1_8.png" delay="90" x="-87" y="-228"/>
  <i image="hit.1_9.png" delay="90" x="-87" y="-228"/>
</i>