<i>
  <i image="14121001_0.png" delay="100" x="0" y="-32"/>
  <i image="14121001_1.png" delay="100" x="0" y="-32"/>
  <i image="14121001_2.png" delay="100" x="0" y="-32"/>
  <i image="hit.0_0.png" delay="100" x="-38" y="-42"/>
  <i image="hit.0_1.png" delay="100" x="-38" y="-42"/>
  <i image="hit.0_2.png" delay="100" x="-38" y="-42"/>
  <i image="hit.0_3.png" delay="100" x="-38" y="-42"/>
  <i image="effect_0.png" delay="90" x="-169" y="-145"/>
  <i image="effect_1.png" delay="90" x="-169" y="-145"/>
  <i image="effect_2.png" delay="90" x="-169" y="-145"/>
  <i image="effect_3.png" delay="90" x="-169" y="-145"/>
  <i image="effect_4.png" delay="60" x="-169" y="-145"/>
  <i image="effect_5.png" delay="60" x="-169" y="-145"/>
  <i image="afterimage.swordOL.swingO1.2_0.png" delay="60" x="0" y="0"/>
  <i image="afterimage.swordOL.swingO2.2_0.png" delay="60" x="0" y="0"/>
  <i image="afterimage.swordOL.swingO3.2_0.png" delay="60" x="0" y="0"/>
  <i image="afterimage.swordOL.swingOF.3_0.png" delay="60" x="0" y="0"/>
</i>