<i>
  <i image="portalStart_0.png" delay="100" x="-43" y="-107"/>
  <i image="portalStart_1.png" delay="100" x="-43" y="-107"/>
  <i image="portalStart_2.png" delay="100" x="-43" y="-107"/>
  <i image="portalStart_3.png" delay="100" x="-43" y="-107"/>
  <i image="portalStart_4.png" delay="100" x="-43" y="-107"/>
  <i image="portalStart_5.png" delay="100" x="-43" y="-107"/>
  <i image="portalContinue_0.png" delay="100" x="-45" y="-110"/>
  <i image="portalContinue_1.png" delay="100" x="-45" y="-110"/>
  <i image="portalContinue_2.png" delay="100" x="-45" y="-110"/>
  <i image="portalContinue_3.png" delay="100" x="-45" y="-110"/>
  <i image="portalContinue_4.png" delay="100" x="-45" y="-110"/>
  <i image="portalContinue_5.png" delay="100" x="-45" y="-110"/>
  <i image="portalContinue_6.png" delay="100" x="-45" y="-110"/>
  <i image="portalContinue_7.png" delay="100" x="-45" y="-110"/>
  <i image="portalContinue_8.png" delay="100" x="-45" y="-110"/>
  <i image="portalContinue_9.png" delay="100" x="-45" y="-110"/>
  <i image="portalContinue_10.png" delay="100" x="-45" y="-110"/>
  <i image="portalContinue_11.png" delay="100" x="-45" y="-110"/>
  <i image="portalContinue_12.png" delay="100" x="-45" y="-110"/>
  <i image="portalContinue_13.png" delay="100" x="-45" y="-110"/>
  <i image="portalExit_0.png" delay="100" x="-44" y="-108"/>
  <i image="portalExit_1.png" delay="100" x="-44" y="-108"/>
  <i image="portalExit_2.png" delay="100" x="-44" y="-108"/>
  <i image="portalExit_3.png" delay="100" x="-44" y="-108"/>
  <i image="portalExit_4.png" delay="100" x="-44" y="-108"/>
  <i image="portalExit_5.png" delay="100" x="-44" y="-108"/>
</i>