<i>
  <i image="35101005_0.png" delay="100" x="0" y="-32"/>
  <i image="35101005_1.png" delay="100" x="0" y="-32"/>
  <i image="35101005_2.png" delay="100" x="0" y="-32"/>
  <i image="effect_0.png" delay="420" x="-42" y="-71"/>
  <i image="effect_1.png" delay="60" x="-42" y="-71"/>
  <i image="effect_2.png" delay="60" x="-42" y="-71"/>
  <i image="effect_3.png" delay="60" x="-42" y="-71"/>
  <i image="effect_4.png" delay="60" x="-42" y="-71"/>
  <i image="effect_5.png" delay="60" x="-42" y="-71"/>
  <i image="effect_6.png" delay="60" x="-42" y="-71"/>
  <i image="effect_7.png" delay="60" x="-42" y="-71"/>
  <i image="effect_8.png" delay="60" x="-42" y="-71"/>
  <i image="effect_9.png" delay="60" x="-42" y="-71"/>
  <i image="effect_10.png" delay="60" x="-42" y="-71"/>
  <i image="effect_11.png" delay="60" x="-42" y="-71"/>
  <i image="cDoor_0.png" delay="1260" x="-38" y="-55"/>
  <i image="cDoor_1.png" delay="100" x="-38" y="-55"/>
  <i image="cDoor_2.png" delay="100" x="-38" y="-55"/>
  <i image="cDoor_3.png" delay="100" x="-38" y="-55"/>
  <i image="cDoor_4.png" delay="100" x="-38" y="-55"/>
  <i image="cDoor_5.png" delay="100" x="-38" y="-55"/>
  <i image="cDoor_6.png" delay="100" x="-38" y="-55"/>
  <i image="cDoor_7.png" delay="100" x="-38" y="-55"/>
  <i image="sDoor_0.png" delay="100" x="-38" y="-61"/>
  <i image="sDoor_1.png" delay="100" x="-38" y="-61"/>
  <i image="oDoor_0.png" delay="1260" x="-68" y="-132"/>
  <i image="oDoor_1.png" delay="100" x="-68" y="-132"/>
  <i image="oDoor_2.png" delay="100" x="-68" y="-132"/>
  <i image="oDoor_3.png" delay="100" x="-68" y="-132"/>
  <i image="oDoor_4.png" delay="100" x="-68" y="-132"/>
  <i image="oDoor_5.png" delay="100" x="-68" y="-132"/>
  <i image="mDoor_0.png" delay="100" x="-70" y="-130"/>
  <i image="mDoor_1.png" delay="100" x="-70" y="-130"/>
  <i image="mDoor_2.png" delay="100" x="-70" y="-130"/>
  <i image="mDoor_3.png" delay="100" x="-70" y="-130"/>
  <i image="mDoor_4.png" delay="100" x="-70" y="-130"/>
  <i image="mDoor_5.png" delay="100" x="-70" y="-130"/>
  <i image="mDoor_6.png" delay="100" x="-70" y="-130"/>
  <i image="mDoor_7.png" delay="100" x="-70" y="-130"/>
  <i image="mDoor_8.png" delay="100" x="-70" y="-130"/>
  <i image="mDoor_9.png" delay="100" x="-70" y="-130"/>
  <i image="mDoor_10.png" delay="100" x="-70" y="-130"/>
  <i image="mDoor_11.png" delay="100" x="-70" y="-130"/>
  <i image="eDoor_0.png" delay="100" x="-100" y="-132"/>
  <i image="eDoor_1.png" delay="100" x="-100" y="-132"/>
  <i image="eDoor_2.png" delay="100" x="-100" y="-132"/>
  <i image="eDoor_3.png" delay="100" x="-100" y="-132"/>
  <i image="eDoor_4.png" delay="100" x="-100" y="-132"/>
  <i image="eDoor_5.png" delay="100" x="-100" y="-132"/>
  <i image="eDoor_6.png" delay="100" x="-100" y="-132"/>
  <i image="eDoor_7.png" delay="100" x="-100" y="-132"/>
  <i image="eDoor_8.png" delay="100" x="-100" y="-132"/>
  <i image="eDoor_9.png" delay="100" x="-100" y="-132"/>
  <i image="eDoor_10.png" delay="100" x="-100" y="-132"/>
  <i image="eDoor_11.png" delay="100" x="-100" y="-132"/>
  <i image="eDoor_12.png" delay="100" x="-100" y="-132"/>
  <i image="eDoor_13.png" delay="100" x="-100" y="-132"/>
  <i image="eDoor_14.png" delay="100" x="-100" y="-132"/>
  <i image="eDoor_15.png" delay="100" x="-100" y="-132"/>
  <i image="eDoor_16.png" delay="100" x="-100" y="-132"/>
  <i image="eDoor_17.png" delay="100" x="-100" y="-132"/>
</i>