<i>
  <i image="walk1_0.png" delay="180" x="-68" y="-66"/>
  <i image="walk1_1.png" delay="180" x="-68" y="-66"/>
  <i image="walk1_2.png" delay="180" x="-68" y="-66"/>
  <i image="walk1_3.png" delay="180" x="-68" y="-66"/>
  <i image="stand1_0.png" delay="500" x="-60" y="-66"/>
  <i image="stand1_1.png" delay="500" x="-60" y="-66"/>
  <i image="stand1_2.png" delay="500" x="-60" y="-66"/>
  <i image="stand1_3.png" delay="500" x="-60" y="-66"/>
  <i image="stand1_4.png" delay="500" x="-60" y="-66"/>
  <i image="alert_0.png" delay="500" x="-64" y="-65"/>
  <i image="alert_1.png" delay="500" x="-64" y="-65"/>
  <i image="alert_2.png" delay="500" x="-64" y="-65"/>
  <i image="alert_3.png" delay="500" x="-64" y="-65"/>
  <i image="alert_4.png" delay="500" x="-64" y="-65"/>
  <i image="swingO1_0.png" delay="300" x="-58" y="-85"/>
  <i image="swingO1_1.png" delay="150" x="-58" y="-85"/>
  <i image="swingO1_2.png" delay="350" x="-58" y="-85"/>
  <i image="swingO2_0.png" delay="300" x="-44" y="-94"/>
  <i image="swingO2_1.png" delay="150" x="-44" y="-94"/>
  <i image="swingO2_2.png" delay="350" x="-44" y="-94"/>
  <i image="swingO3_0.png" delay="300" x="-111" y="-93"/>
  <i image="swingO3_1.png" delay="150" x="-111" y="-93"/>
  <i image="swingO3_2.png" delay="350" x="-111" y="-93"/>
  <i image="swingOF_0.png" delay="200" x="-77" y="-109"/>
  <i image="swingOF_1.png" delay="100" x="-77" y="-109"/>
  <i image="swingOF_2.png" delay="100" x="-77" y="-109"/>
  <i image="swingOF_3.png" delay="300" x="-77" y="-109"/>
  <i image="stabO1_0.png" delay="350" x="-109" y="-63"/>
  <i image="stabO1_1.png" delay="450" x="-109" y="-63"/>
  <i image="stabO2_0.png" delay="350" x="-107" y="-66"/>
  <i image="stabO2_1.png" delay="450" x="-107" y="-66"/>
  <i image="stabOF_0.png" delay="250" x="-132" y="-64"/>
  <i image="stabOF_1.png" delay="150" x="-132" y="-64"/>
  <i image="stabOF_2.png" delay="300" x="-132" y="-64"/>
  <i image="proneStab_0.png" delay="300" x="-100" y="-38"/>
  <i image="proneStab_1.png" delay="400" x="-100" y="-38"/>
  <i image="prone_0.png" delay="100" x="-85" y="-38"/>
  <i image="heal_0.png" delay="300" x="-64" y="-94"/>
  <i image="heal_1.png" delay="150" x="-64" y="-94"/>
  <i image="heal_2.png" delay="350" x="-64" y="-94"/>
  <i image="fly_0.png" delay="300" x="-29" y="-98"/>
  <i image="fly_1.png" delay="300" x="-29" y="-98"/>
  <i image="jump_0.png" delay="200" x="-29" y="-92"/>
  <i image="ladder_0.png" delay="250" x="-21" y="-65"/>
  <i image="ladder_1.png" delay="250" x="-21" y="-65"/>
  <i image="rope_0.png" delay="250" x="-19" y="-68"/>
  <i image="rope_1.png" delay="250" x="-19" y="-68"/>
  <i image="sit_0.png" delay="100" x="-22" y="-62"/>
</i>