<i>
  <i image="info_0.png" delay="100" x="4" y="-30"/>
  <i image="2301005_0.png" delay="100" x="0" y="-32"/>
  <i image="2301005_1.png" delay="100" x="0" y="-32"/>
  <i image="2301005_2.png" delay="100" x="0" y="-32"/>
  <i image="effect_0.png" delay="90" x="-371" y="-145"/>
  <i image="effect_1.png" delay="90" x="-371" y="-145"/>
  <i image="effect_2.png" delay="90" x="-371" y="-145"/>
  <i image="effect_3.png" delay="90" x="-371" y="-145"/>
  <i image="effect_4.png" delay="90" x="-371" y="-145"/>
  <i image="effect_5.png" delay="90" x="-371" y="-145"/>
  <i image="effect_6.png" delay="90" x="-371" y="-145"/>
  <i image="effect_7.png" delay="90" x="-371" y="-145"/>
  <i image="effect_8.png" delay="90" x="-371" y="-145"/>
  <i image="hit.0_0.png" delay="90" x="-58" y="-75"/>
  <i image="hit.0_1.png" delay="90" x="-58" y="-75"/>
  <i image="hit.0_2.png" delay="90" x="-58" y="-75"/>
  <i image="hit.0_3.png" delay="90" x="-58" y="-75"/>
</i>