<i>
  <i image="14111022_0.png" delay="100" x="0" y="-32"/>
  <i image="14111022_1.png" delay="100" x="0" y="-32"/>
  <i image="14111022_2.png" delay="100" x="0" y="-32"/>
  <i image="hit.0_0.png" delay="100" x="-100" y="-63"/>
  <i image="hit.0_1.png" delay="100" x="-100" y="-63"/>
  <i image="hit.0_2.png" delay="100" x="-100" y="-63"/>
  <i image="hit.0_3.png" delay="100" x="-100" y="-63"/>
  <i image="hit.0_4.png" delay="100" x="-100" y="-63"/>
  <i image="effect_0.png" delay="60" x="-220" y="-176"/>
  <i image="effect_1.png" delay="90" x="-220" y="-176"/>
  <i image="effect_2.png" delay="90" x="-220" y="-176"/>
  <i image="effect_3.png" delay="90" x="-220" y="-176"/>
  <i image="effect_4.png" delay="90" x="-220" y="-176"/>
  <i image="effect_5.png" delay="90" x="-220" y="-176"/>
  <i image="effect_6.png" delay="90" x="-220" y="-176"/>
  <i image="effect_7.png" delay="90" x="-220" y="-176"/>
  <i image="effect_8.png" delay="60" x="-220" y="-176"/>
  <i image="effect_9.png" delay="60" x="-220" y="-176"/>
  <i image="effect_10.png" delay="60" x="-220" y="-176"/>
  <i image="effect_11.png" delay="60" x="-220" y="-176"/>
  <i image="effect_12.png" delay="60" x="-220" y="-176"/>
  <i image="effect_13.png" delay="60" x="-220" y="-176"/>
  <i image="ball_0.png" delay="90" x="-52" y="-108"/>
  <i image="ball_1.png" delay="90" x="-52" y="-108"/>
  <i image="ball_2.png" delay="90" x="-52" y="-108"/>
  <i image="ball_3.png" delay="90" x="-52" y="-108"/>
  <i image="afterimage.swordOL.swingO1.2_0.png" delay="60" x="0" y="0"/>
  <i image="afterimage.swordOL.swingO2.2_0.png" delay="60" x="0" y="0"/>
  <i image="afterimage.swordOL.swingO3.2_0.png" delay="60" x="0" y="0"/>
  <i image="afterimage.swordOL.swingOF.3_0.png" delay="60" x="0" y="0"/>
</i>